,res,kforw,kback
1,P,0.0,0.0
2,E,152.231338531461,14.068945801881693
3,P,0.0,0.0
4,T,4.00409217102692,0.37005097822400324
5,I,2.412704121177557,0.2229777642650665
6,D,6.060438745233152,0.5600948205857623
7,E,0.06645138943209515,0.0061413175854501765
